-- phpMyAdmin SQL Dump
-- version 4.8.0.1
-- https://www.phpmyadmin.net/
--
-- Host: 127.0.0.1
-- Generation Time: May 15, 2021 at 06:49 PM
-- Server version: 10.1.32-MariaDB
-- PHP Version: 5.6.36

SET SQL_MODE = "NO_AUTO_VALUE_ON_ZERO";
SET AUTOCOMMIT = 0;
START TRANSACTION;
SET time_zone = "+00:00";


/*!40101 SET @OLD_CHARACTER_SET_CLIENT=@@CHARACTER_SET_CLIENT */;
/*!40101 SET @OLD_CHARACTER_SET_RESULTS=@@CHARACTER_SET_RESULTS */;
/*!40101 SET @OLD_COLLATION_CONNECTION=@@COLLATION_CONNECTION */;
/*!40101 SET NAMES utf8mb4 */;

--
-- Database: `ems`
--

-- --------------------------------------------------------

--
-- Table structure for table `alogin`
--

CREATE TABLE `alogin` (
  `id` int(11) NOT NULL,
  `email` tinytext NOT NULL,
  `password` longtext NOT NULL
) ENGINE=InnoDB DEFAULT CHARSET=latin1;

--
-- Dumping data for table `alogin`
--

INSERT INTO `alogin` (`id`, `email`, `password`) VALUES
(1, 'admin@gmail.com', 'cse499');

-- --------------------------------------------------------

--
-- Table structure for table `employee`
--

CREATE TABLE `employee` (
  `id` int(11) NOT NULL,
  `firstName` varchar(100) NOT NULL,
  `lastName` varchar(100) NOT NULL,
  `email` varchar(100) NOT NULL,
  `password` text NOT NULL,
  `birthday` date NOT NULL,
  `gender` varchar(10) NOT NULL,
  `contact` varchar(20) NOT NULL,
  `nid` int(20) NOT NULL,
  `address` varchar(100) DEFAULT NULL,
  `dept` varchar(100) NOT NULL,
  `degree` varchar(100) NOT NULL,
  `pic` text NOT NULL
) ENGINE=InnoDB DEFAULT CHARSET=latin1;

--
-- Dumping data for table `employee`
--

INSERT INTO `employee` (`id`, `firstName`, `lastName`, `email`, `password`, `birthday`, `gender`, `contact`, `nid`, `address`, `dept`, `degree`, `pic`) VALUES
(11, 'Prosan', 'Joy', 'prosanto@gmail.com', '1234', '2021-03-30', 'Male', '1234567', 1234567, 'Cha 4 A Uttar Ba', 'plumbing', 'SSC', 'images/no.jpg'),
(12, 'Sazzad', 'Hossain', 'sazzad@gmail.com', '1234', '2021-03-30', 'Male', '1234567', 1234567, 'Cha 4 A Uttar Ba', 'plumbing', 'SSC', 'images/default.jpg'),
(13, 'Anika', 'Wasim', 'anika@gmail.com', '1234', '2021-03-30', 'Male', '1234567', 1234567, 'Cha 4 A Uttar Ba', 'electricity', 'SSC-hsc', 'images/default.jpg');

-- --------------------------------------------------------

--
-- Table structure for table `employee_leave`
--

CREATE TABLE `employee_leave` (
  `id` int(11) DEFAULT NULL,
  `token` int(11) NOT NULL,
  `start` date DEFAULT NULL,
  `end` date DEFAULT NULL,
  `reason` char(100) DEFAULT NULL,
  `status` char(50) DEFAULT NULL
) ENGINE=InnoDB DEFAULT CHARSET=latin1;

--
-- Dumping data for table `employee_leave`
--

INSERT INTO `employee_leave` (`id`, `token`, `start`, `end`, `reason`, `status`) VALUES
(12, 1, '2021-04-29', '2021-05-29', 'covid', 'Approved'),
(11, 2, '2021-04-29', '2021-05-02', 'feaver', 'Approved'),
(12, 3, '2021-04-29', '2021-05-05', 'covid19', 'Approved');

-- --------------------------------------------------------

--
-- Table structure for table `project`
--

CREATE TABLE `project` (
  `pid` int(11) NOT NULL,
  `eid` int(11) DEFAULT NULL,
  `pname` varchar(100) DEFAULT NULL,
  `duedate` date DEFAULT NULL,
  `subdate` date DEFAULT '0000-00-00',
  `mark` int(11) NOT NULL,
  `status` varchar(50) DEFAULT NULL
) ENGINE=InnoDB DEFAULT CHARSET=latin1;

--
-- Dumping data for table `project`
--

INSERT INTO `project` (`pid`, `eid`, `pname`, `duedate`, `subdate`, `mark`, `status`) VALUES
(7, 11, 'sink repair', '2021-03-30', '0000-00-00', 0, 'Due'),
(8, 11, 'sink repair', '2021-03-30', '0000-00-00', 0, 'Due'),
(9, 13, 'sink repair', '2021-04-07', '2021-04-07', 0, 'Submitted'),
(10, 12, 'switch repair', '2021-04-15', '2021-04-15', 1, 'Submitted');

-- --------------------------------------------------------

--
-- Table structure for table `rank`
--

CREATE TABLE `rank` (
  `eid` int(11) NOT NULL,
  `points` int(11) DEFAULT '0'
) ENGINE=InnoDB DEFAULT CHARSET=latin1;

--
-- Dumping data for table `rank`
--

INSERT INTO `rank` (`eid`, `points`) VALUES
(11, 0),
(12, 1),
(13, 0);

-- --------------------------------------------------------

--
-- Table structure for table `salary`
--

CREATE TABLE `salary` (
  `id` int(11) NOT NULL,
  `base` int(11) NOT NULL,
  `bonus` int(11) DEFAULT NULL,
  `total` int(11) DEFAULT NULL
) ENGINE=InnoDB DEFAULT CHARSET=latin1;

--
-- Dumping data for table `salary`
--

INSERT INTO `salary` (`id`, `base`, `bonus`, `total`) VALUES
(11, 10000, 0, 10000),
(12, 10000, 1, 10100),
(13, 10000, 0, 10000);

--
-- Indexes for dumped tables
--

--
-- Indexes for table `alogin`
--
ALTER TABLE `alogin`
  ADD PRIMARY KEY (`id`);

--
-- Indexes for table `employee`
--
ALTER TABLE `employee`
  ADD PRIMARY KEY (`id`),
  ADD UNIQUE KEY `email` (`email`);

--
-- Indexes for table `employee_leave`
--
ALTER TABLE `employee_leave`
  ADD PRIMARY KEY (`token`),
  ADD KEY `employee_leave_ibfk_1` (`id`);

--
-- Indexes for table `project`
--
ALTER TABLE `project`
  ADD PRIMARY KEY (`pid`),
  ADD KEY `project_ibfk_1` (`eid`);

--
-- Indexes for table `rank`
--
ALTER TABLE `rank`
  ADD PRIMARY KEY (`eid`);

--
-- Indexes for table `salary`
--
ALTER TABLE `salary`
  ADD PRIMARY KEY (`id`);

--
-- AUTO_INCREMENT for dumped tables
--

--
-- AUTO_INCREMENT for table `alogin`
--
ALTER TABLE `alogin`
  MODIFY `id` int(11) NOT NULL AUTO_INCREMENT, AUTO_INCREMENT=2;

--
-- AUTO_INCREMENT for table `employee`
--
ALTER TABLE `employee`
  MODIFY `id` int(11) NOT NULL AUTO_INCREMENT, AUTO_INCREMENT=14;

--
-- AUTO_INCREMENT for table `employee_leave`
--
ALTER TABLE `employee_leave`
  MODIFY `token` int(11) NOT NULL AUTO_INCREMENT, AUTO_INCREMENT=4;

--
-- AUTO_INCREMENT for table `project`
--
ALTER TABLE `project`
  MODIFY `pid` int(11) NOT NULL AUTO_INCREMENT, AUTO_INCREMENT=11;

--
-- Constraints for dumped tables
--

--
-- Constraints for table `employee_leave`
--
ALTER TABLE `employee_leave`
  ADD CONSTRAINT `employee_leave_ibfk_1` FOREIGN KEY (`id`) REFERENCES `employee` (`id`) ON DELETE CASCADE ON UPDATE CASCADE;

--
-- Constraints for table `project`
--
ALTER TABLE `project`
  ADD CONSTRAINT `project_ibfk_1` FOREIGN KEY (`eid`) REFERENCES `employee` (`id`) ON DELETE CASCADE ON UPDATE CASCADE;

--
-- Constraints for table `rank`
--
ALTER TABLE `rank`
  ADD CONSTRAINT `rank_ibfk_1` FOREIGN KEY (`eid`) REFERENCES `employee` (`id`) ON DELETE CASCADE ON UPDATE CASCADE;

--
-- Constraints for table `salary`
--
ALTER TABLE `salary`
  ADD CONSTRAINT `salary_ibfk_1` FOREIGN KEY (`id`) REFERENCES `employee` (`id`) ON DELETE CASCADE ON UPDATE CASCADE;
COMMIT;

/*!40101 SET CHARACTER_SET_CLIENT=@OLD_CHARACTER_SET_CLIENT */;
/*!40101 SET CHARACTER_SET_RESULTS=@OLD_CHARACTER_SET_RESULTS */;
/*!40101 SET COLLATION_CONNECTION=@OLD_COLLATION_CONNECTION */;
